Training Program,Engagement,Attrition,Internal Mobility,Knowledge Transfer,Innovation Ownership,Leadership Pipeline,Skill Redundancy,Culture Misalignment
Day 1 Onboarding ,?,?,,?,,,?,?
30-60-90,?,?,,?,,,?,?
Critical Thinking,?,,,,?,?,?,
Navigating the Matrix,?,,,,?,?,,?
Decoding the Business,?,,?,,?,?,?,
ASCEND (New Manager Alignment),?,?,,,,?,,?
Guiding Performance (GROW Coaching),?,?,,,,?,,?
Delegation & Stakeholder Alignment,,,?,,?,?,?,
ASCEND+ Advanced Manager,?,?,?,,?,?,?,
Conflict & Performance Conversations (Lead with Courage),?,?,,,,?,,?
People Leader Academy,,?,?,,,?,,
Coaching Next Line Leaders,,,?,,,?,,
Leading Change at Scale,?,,,,?,?,,?
"One Voice, One Message, One Direction",?,,,,,?,,?
Enterprise Thinking & Ownership,,,?,,?,,,
Building High-Performance Culture,?,?,,,?,?,,?
Change Leadership & Transformation,?,,,,?,?,,?
Executive 1:1 Coaching (Cross-Border Impact),?,,?,,?,?,,?
Enterprise Mindset & Business Strategy,?,,?,,?,?,?,
Global Mobility Readiness,?,?,?,,,?,,?
SUMMIT: Building a Growth & Innovation Mindset,?,,,,?,?,,
Global Perspectives (Cross-Cultural Onboarding),?,?,,?,,,,?
,,,,,,,,
